customer_id,customer_name,customer_email,customer_phone,customer_address,customer_city,customer_state,customer_zipcode
1,Meredeth Moors,mmoors0@dmoz.org,477-456-1304,193 Golden Leaf Terrace,Leiden,11,2334
2,Finley Senten,fsenten1@arizona.edu,898-531-7344,68150 Ryan Court,Odintsovo,,143082
3,Niels Sherrin,nsherrin2@wikipedia.org,269-602-5517,350 Dawn Way,Kuiyong,,
4,Sandro Kempe,skempe3@salon.com,288-970-9214,427 Johnson Lane,城郊,,
5,Yul Salmond,ysalmond4@wsj.com,769-821-3788,94252 Warbler Junction,Chociwel,,73-120
6,Alethea Curnok,acurnok5@dot.gov,494-134-2130,71068 Annamark Road,Yunluo,,
7,Stesha Jancy,sjancy6@photobucket.com,175-799-6274,60910 Weeping Birch Lane,Zorak,,
8,Eba Ewles,eewles7@google.it,807-145-0572,057 East Lane,Eleftheroúpolis,,
9,Filippa Nani,fnani8@ucoz.com,602-660-4716,5275 Washington Place,Liucheng,,
10,Lilah McKeevers,lmckeevers9@vkontakte.ru,961-188-8879,91851 Mandrake Court,Norrköping,E,601 81
11,Roxi Ruddick,rruddicka@smh.com.au,937-481-8010,68935 Harper Road,Sevlievo,,5450
12,Timmi Rayman,traymanb@ycombinator.com,960-550-9138,09 Eliot Crossing,Shkurinskaya,,352000
13,Bibby Olliff,bolliffc@businessinsider.com,726-206-5907,5 Buell Drive,Guangyubao,,
14,Terri Blower,tblowerd@yelp.com,460-174-0755,0 Darwin Parkway,Pakuwon,,
15,Darell Pleaden,dpleadene@aboutads.info,182-950-8677,86995 Erie Hill,Dmanisi,,
16,Pamelina Semkins,psemkinsf@amazon.co.uk,274-318-4935,63419 Holmberg Plaza,Baisangguan,,
17,Fara Simmen,fsimmeng@nasa.gov,637-381-0790,52688 Maryland Crossing,Próti,,
18,Miltie Treweke,mtrewekeh@wix.com,469-864-2869,9866 Waxwing Hill,Yag La,,
19,Gary O'Mohun,gomohuni@newyorker.com,271-975-6454,9711 Westend Hill,Huangtugang,,
20,Marla Oleszczak,moleszczakj@examiner.com,960-309-9400,2 Riverside Avenue,Joyabaj,,14012
21,Clayborne Dring,cdringk@networksolutions.com,342-879-2904,43760 Buhler Junction,Killumney,,D06
22,Silvanus Rathe,srathel@huffingtonpost.com,691-171-0432,1 Pepper Wood Road,Baní,,10505
23,Vanya Chrippes,vchrippesm@zimbio.com,198-463-4620,99081 Randy Avenue,Xindeng,,
24,Roosevelt Wayt,rwaytn@usgs.gov,838-509-1826,675 Holy Cross Crossing,Blagaj,,
25,Imelda Stoter,istotero@theglobeandmail.com,301-486-6377,7245 Erie Avenue,Yanahuaya,,
26,Arielle Legion,alegionp@php.net,929-207-5904,9085 Arrowood Street,Campos,,38250-000
27,Bordy Red,bredq@washington.edu,594-182-0065,433 Basil Avenue,Banamba,,
28,Alan Gallen,agallenr@wordpress.org,524-600-4433,88 Manley Terrace,Wonokerso,,
29,Matthaeus Dennehy,mdennehys@mac.com,373-290-3560,042 Hauk Avenue,Sumberrejo,,
30,Hyacinth Shmyr,hshmyrt@ucla.edu,120-870-1736,2334 Reinke Court,Belo Blato,,
31,Jarret Copin,jcopinu@deviantart.com,766-150-0421,6 Clyde Gallagher Pass,Rogóźno,,86-318
32,Domeniga Watford,dwatfordv@comcast.net,533-414-6963,2 2nd Park,Jiangchi,,
33,Fredrick Dilland,fdillandw@twitter.com,836-872-4169,54550 Stuart Plaza,Yên Bái,,
34,Mattheus Guterson,mgutersonx@canalblog.com,241-743-8391,5644 Bonner Avenue,Jinling,,
35,Penelopa Ridewood,pridewoody@addthis.com,680-994-6102,5357 Main Point,Vani,,
36,Rosco Weatherill,rweatherillz@myspace.com,638-900-7501,8004 Jay Place,La Laja,,
37,Melvin Wilcocke,mwilcocke10@bloomberg.com,216-639-2598,75142 La Follette Circle,Sempu,,
38,Thatcher O'Calleran,tocalleran11@histats.com,328-890-7227,15633 Hauk Center,Guaranésia,,37810-000
39,Hillyer Gaule,hgaule12@ebay.co.uk,704-784-7297,94455 Raven Point,Tempurejo,,
40,Annmarie Hassall,ahassall13@paypal.com,818-386-2605,607 Melvin Alley,Troitsk,,428902
41,Quillan Le Fleming,qle14@wikia.com,583-743-1492,48 Mallard Junction,Čejkovice,,671 65
42,Catharine Yarnold,cyarnold15@auda.org.au,949-209-2244,86 Gulseth Avenue,Cortiçóis,14,2080-381
43,Cobbie Jeste,cjeste16@linkedin.com,835-981-8453,6919 Jana Drive,Karlivka,,
44,Saunders Gian,sgian17@huffingtonpost.com,735-418-4124,54 Vernon Terrace,Berkovitsa,,3500
45,Hayley Blackburn,hblackburn18@unc.edu,704-147-9558,5 American Drive,Perovo,,453002
46,Lorianna Pitcock,lpitcock19@jimdo.com,875-324-1990,55090 Maywood Center,Nirgua,,
47,Dorri Robatham,drobatham1a@vimeo.com,878-863-8334,22693 Anhalt Center,Tamanar,,
48,Damita Ragsdall,dragsdall1b@blinklist.com,883-764-1142,24 Northwestern Drive,Dazhigu,,
49,Corbett Sainsbury-Brown,csainsburybrown1c@archive.org,558-904-7562,92 Express Street,Martingança-Gare,10,2445-764
50,Chanda Sloley,csloley1d@pbs.org,903-685-6380,359 Anderson Hill,Delareyville,,2776
51,Mala Tofanini,mtofanini1e@mysql.com,537-303-3119,5 Namekagon Road,Qixian,,
52,Francine Girodin,fgirodin1f@google.co.uk,428-555-4961,53615 Swallow Avenue,Guodu,,
53,Bat Scotchford,bscotchford1g@amazonaws.com,406-598-4647,31 Dawn Court,Bogorejo,,
54,Prissie Soppit,psoppit1h@flickr.com,614-429-7536,220 Thierer Court,Shiqiaotou,,
55,Nigel Kalisch,nkalisch1i@tripod.com,654-740-0453,531 Sundown Lane,Ketitang Wetan,,
56,Remus Lattimore,rlattimore1j@java.com,255-116-2593,884 Arapahoe Hill,Angered,O,424 10
57,Pall Vanderplas,pvanderplas1k@redcross.org,304-605-2169,6 Village Center,Woja,,
58,Nerty Scaplehorn,nscaplehorn1l@nhs.uk,694-766-6644,78765 Marcy Plaza,Dayr al Ghuşūn,,
59,Channa Mulheron,cmulheron1m@slate.com,150-915-8000,4941 Green Ridge Plaza,Thị Trấn Thất Khê,,
60,Lynnette Joseff,ljoseff1n@arstechnica.com,411-794-5719,81772 Harper Drive,Xiongjia,,
61,Cayla Fourcade,cfourcade1o@paginegialle.it,366-681-2922,7525 Lotheville Terrace,Klakeh,,
62,Sinclare Eglise,seglise1p@cargocollective.com,140-924-4513,5608 8th Way,Zishan,,
63,Jerry Delany,jdelany1q@pinterest.com,518-678-2878,1018 Burning Wood Street,El Ksour,,
64,Clayborn Cardillo,ccardillo1r@webnode.com,129-134-0672,59073 Bayside Parkway,Bayaguana,,11511
65,Lilias Dalgety,ldalgety1s@aboutads.info,837-161-7058,72530 Emmet Plaza,Ureshino,,859-3802
66,Albertina Vasilkov,avasilkov1t@usda.gov,703-644-0582,49 Mccormick Center,Lewoeleng,,
67,Arlyne Feldstein,afeldstein1u@google.com.br,924-535-3155,91950 Spohn Junction,Ismailia,,
68,Morganica Barford,mbarford1v@ycombinator.com,638-466-7873,695 Steensland Drive,Sélestat,C1,67604 CEDEX
69,Elvira Lightman,elightman1w@state.gov,729-683-3595,69998 Merrick Parkway,La Vega,,253618
70,Hermann Bellini,hbellini1x@wsj.com,687-368-9289,6979 Claremont Alley,Al Aḩmadī,,
71,Ax Drivers,adrivers1y@princeton.edu,535-626-0765,73345 Warbler Trail,Zaoxi,,
72,Cherida Hanbridge,chanbridge1z@utexas.edu,478-182-1953,8115 Evergreen Crossing,Zalţan,,
73,Lucien Tebbe,ltebbe20@hubpages.com,114-947-9805,03 Becker Pass,Zhireken,,673498
74,Ambrosio Ranger,aranger21@cyberchimps.com,903-548-0013,3 Brown Avenue,Sieroszewice,,63-405
75,Merilyn Fley,mfley22@harvard.edu,731-223-7583,19 Lakeland Place,Jianyangping,,
76,Cynthea Scones,cscones23@mac.com,510-364-7424,41040 Melody Circle,Yelan’-Kolenovskiy,,152720
77,Dorey Steers,dsteers24@independent.co.uk,777-617-8955,0743 1st Road,Göteborg,O,414 71
78,Thalia Wyldbore,twyldbore25@army.mil,380-932-2231,7 Jackson Center,Yuandun,,
79,Tonya Sapsforde,tsapsforde26@spiegel.de,298-170-9850,215 Union Avenue,Huangchi,,
80,Jodi Kemm,jkemm27@gnu.org,260-392-1118,7 Hermina Trail,Anahuac,VER,92035
81,Zolly Minchinden,zminchinden28@mapy.cz,834-125-6994,43 Schmedeman Drive,Staryy Cherek,,361327
82,Titos McMichan,tmcmichan29@odnoklassniki.ru,239-168-6852,7 Troy Hill,Laba Goumen,,
83,Kerrie Molen,kmolen2a@nyu.edu,383-276-4943,12413 Tennyson Street,Las Piñas,,1752
84,Natty Raecroft,nraecroft2b@pinterest.com,478-857-9143,4 Fallview Terrace,Zorgo,,
85,Elbert Olivari,eolivari2c@booking.com,170-393-7579,95 Di Loreto Court,Ossora,,688700
86,Marin Spehr,mspehr2d@home.pl,278-116-2142,4 Pearson Junction,Banjar Kampungbugis,,
87,Manuel Wensley,mwensley2e@xrea.com,946-771-0410,34338 Ludington Point,Estombar,08,8400-017
88,Vick Iacobassi,viacobassi2f@histats.com,534-561-2253,90 Emmet Plaza,Ballinroad,,D07
89,Bondie Atton,batton2g@cyberchimps.com,206-924-0074,69820 Morrow Lane,Milwaukee,WI,53285
90,Art Westmarland,awestmarland2h@miibeian.gov.cn,612-782-2205,755 Knutson Street,Noginsk,,601231
91,Zebadiah Barribal,zbarribal2i@histats.com,568-654-6850,96551 Sloan Terrace,Dandai,,
92,Derrek Landells,dlandells2j@prlog.org,259-208-1693,382 Blaine Park,Lisewo,,86-230
93,Adriane Diack,adiack2k@istockphoto.com,464-394-4650,1 Daystar Street,Besisahar,,
94,Faydra Nugent,fnugent2l@alexa.com,154-937-9403,4684 Kropf Court,Yunga,,
95,Marley Ygou,mygou2m@a8.net,341-734-4446,70 Macpherson Point,Ajax,ON,L1Z
96,Walsh Barok,wbarok2n@netscape.com,891-674-4341,2363 Scofield Alley,Eleftheroúpolis,,
97,Constantina Mensler,cmensler2o@gravatar.com,676-672-0712,2 Dapin Place,Thị Trấn Than Uyên,,
98,Bond Gerrelts,bgerrelts2p@washingtonpost.com,129-583-0189,1 Coleman Hill,Smederevo,,
99,Wenonah Dat,wdat2q@mapy.cz,465-833-2680,82 Cambridge Street,Francisco Beltrão,,85600-000
100,Gardie Woolen,gwoolen2r@sina.com.cn,256-618-5603,423 Shoshone Trail,Paris 01,A8,75100 CEDEX 01
